7000,36,406,22053,Phường Xuân Thành,phuong-xuan-thanh,22053
7001,36,406,22054,Xã Xuân Hải,xa-xuan-hai,22054
7002,36,406,22057,Xã Xuân Lộc,xa-xuan-loc,22057
7003,36,406,22060,Xã Xuân Bình,xa-xuan-binh,22060
7004,36,406,22066,Xã Xuân Cảnh,xa-xuan-canh,22066
7005,36,406,22069,Xã Xuân Thịnh,xa-xuan-thinh,22069
7006,36,406,22072,Xã Xuân Phương,xa-xuan-phuong,22072
7007,36,406,22073,Phường Xuân Yên,phuong-xuan-yen,22073
7008,36,406,22075,Xã Xuân Thọ 1,xa-xuan-tho-1,22075
7009,36,406,22076,Phường Xuân Đài,phuong-xuan-dai,22076
7010,36,406,22078,Xã Xuân Thọ 2,xa-xuan-tho-2,22078
7011,36,407,22081,Thị trấn La Hai,thi-tran-la-hai,22081
7012,36,407,22084,Xã Đa Lộc,xa-da-loc,22084
7013,36,407,22087,Xã Phú Mỡ,xa-phu-mo,22087
7014,36,407,22090,Xã Xuân Lãnh,xa-xuan-lanh,22090
7015,36,407,22093,Xã Xuân Long,xa-xuan-long,22093
7016,36,407,22096,Xã Xuân Quang 1,xa-xuan-quang-1,22096
7017,36,407,22099,Xã Xuân Sơn Bắc,xa-xuan-son-bac,22099
7018,36,407,22102,Xã Xuân Quang 2,xa-xuan-quang-2,22102
7019,36,407,22105,Xã Xuân Sơn Nam,xa-xuan-son-nam,22105
7020,36,407,22108,Xã Xuân Quang 3,xa-xuan-quang-3,22108
7021,36,407,22111,Xã Xuân Phước,xa-xuan-phuoc,22111
7022,36,408,22114,Thị trấn Chí Thạnh,thi-tran-chi-thanh,22114
7023,36,408,22117,Xã An Dân,xa-an-dan,22117
7024,36,408,22120,Xã An Ninh Tây,xa-an-ninh-tay,22120
7025,36,408,22123,Xã An Ninh Đông,xa-an-ninh-dong,22123
7026,36,408,22126,Xã An Thạch,xa-an-thach,22126
7027,36,408,22129,Xã An Định,xa-an-dinh,22129
7028,36,408,22132,Xã An Nghiệp,xa-an-nghiep,22132
7029,36,408,22138,Xã An Cư,xa-an-cu,22138
7030,36,408,22141,Xã An Xuân,xa-an-xuan,22141
7031,36,408,22144,Xã An Lĩnh,xa-an-linh,22144
7032,36,408,22147,Xã An Hòa Hải,xa-an-hoa-hai,22147
7033,36,408,22150,Xã An Hiệp,xa-an-hiep,22150
7034,36,408,22153,Xã An Mỹ,xa-an-my,22153
7035,36,408,22156,Xã An Chấn,xa-an-chan,22156
7036,36,408,22159,Xã An Thọ,xa-an-tho,22159
7037,36,409,22165,Thị trấn Củng Sơn,thi-tran-cung-son,22165
7038,36,409,22168,Xã Phước Tân,xa-phuoc-tan,22168
7039,36,409,22171,Xã Sơn Hội,xa-son-hoi,22171
7040,36,409,22174,Xã Sơn Định,xa-son-dinh,22174
7041,36,409,22177,Xã Sơn Long,xa-son-long,22177
7042,36,409,22180,Xã Cà Lúi,xa-ca-lui,22180
7043,36,409,22183,Xã Sơn Phước,xa-son-phuoc,22183
7044,36,409,22186,Xã Sơn Xuân,xa-son-xuan,22186
7045,36,409,22189,Xã Sơn Nguyên,xa-son-nguyen,22189
7046,36,409,22192,Xã Eachà Rang,xa-eacha-rang,22192
7047,36,409,22195,Xã Krông Pa,xa-krong-pa,22195
7048,36,409,22198,Xã Suối Bạc,xa-suoi-bac,22198
7049,36,409,22201,Xã Sơn Hà,xa-son-ha,22201
7050,36,409,22204,Xã Suối Trai,xa-suoi-trai,22204
7051,36,410,22207,Thị trấn Hai Riêng,thi-tran-hai-rieng,22207
7052,36,410,22210,Xã Ea Lâm,xa-ea-lam,22210
7053,36,410,22213,Xã Đức Bình Tây,xa-duc-binh-tay,22213
7054,36,410,22216,Xã Ea Bá,xa-ea-ba,22216
7055,36,410,22219,Xã Sơn Giang,xa-son-giang,22219
7056,36,410,22222,Xã Đức Bình Đông,xa-duc-binh-dong,22222
7057,36,410,22225,Xã EaBar,xa-eabar,22225
7058,36,410,22228,Xã EaBia,xa-eabia,22228
7059,36,410,22231,Xã EaTrol,xa-eatrol,22231
7060,36,410,22234,Xã Sông Hinh,xa-song-hinh,22234
7061,36,410,22237,Xã Ealy,xa-ealy,22237
7062,36,411,22249,Xã Sơn Thành Tây,xa-son-thanh-tay,22249
7063,36,411,22250,Xã Sơn Thành Đông,xa-son-thanh-dong,22250
7064,36,411,22252,Xã Hòa Bình 1,xa-hoa-binh-1,22252
7065,36,411,22255,Thị trấn Phú Thứ,thi-tran-phu-thu,22255
7066,36,411,22264,Xã Hòa Phong,xa-hoa-phong,22264
7067,36,411,22270,Xã Hòa Phú,xa-hoa-phu,22270
7068,36,411,22273,Xã Hòa Tân Tây,xa-hoa-tan-tay,22273
7069,36,411,22276,Xã Hòa Đồng,xa-hoa-dong,22276
7070,36,411,22285,Xã Hòa Mỹ Đông,xa-hoa-my-dong,22285
7071,36,411,22288,Xã Hòa Mỹ Tây,xa-hoa-my-tay,22288
7072,36,411,22294,Xã Hòa Thịnh,xa-hoa-thinh,22294
7073,36,412,22303,Xã Hòa Quang Bắc,xa-hoa-quang-bac,22303
7074,36,412,22306,Xã Hòa Quang Nam,xa-hoa-quang-nam,22306
7075,36,412,22309,Xã Hòa Hội,xa-hoa-hoi,22309
7076,36,412,22312,Xã Hòa Trị,xa-hoa-tri,22312
7077,36,412,22315,Xã Hòa An,xa-hoa-an,22315
7078,36,412,22318,Xã Hòa Định Đông,xa-hoa-dinh-dong,22318
7079,36,412,22319,Thị Trấn Phú Hoà,thi-tran-phu-hoa,22319
7080,36,412,22321,Xã Hòa Định Tây,xa-hoa-dinh-tay,22321
7081,36,412,22324,Xã Hòa Thắng,xa-hoa-thang,22324
7082,36,413,22243,Xã Hòa Thành,xa-hoa-thanh,22243
7083,36,413,22246,Phường Hòa Hiệp Bắc,phuong-hoa-hiep-bac,22246
7084,36,413,22258,Phường Hoà Vinh,phuong-hoa-vinh,22258
7085,36,413,22261,Phường Hoà Hiệp Trung,phuong-hoa-hiep-trung,22261
7086,36,413,22267,Xã Hòa Tân Đông,xa-hoa-tan-dong,22267
7087,36,413,22279,Phường Hòa Xuân Tây,phuong-hoa-xuan-tay,22279
7088,36,413,22282,Phường Hòa Hiệp Nam,phuong-hoa-hiep-nam,22282
7089,36,413,22291,Xã Hòa Xuân Đông,xa-hoa-xuan-dong,22291
7090,36,413,22297,Xã Hòa Tâm,xa-hoa-tam,22297
7091,36,413,22300,Xã Hòa Xuân Nam,xa-hoa-xuan-nam,22300
7092,37,414,22327,Phường Vĩnh Hòa,phuong-vinh-hoa,22327
7093,37,414,22330,Phường Vĩnh Hải,phuong-vinh-hai,22330
7094,37,414,22333,Phường Vĩnh Phước,phuong-vinh-phuoc,22333
7095,37,414,22336,Phường Ngọc Hiệp,phuong-ngoc-hiep,22336
7096,37,414,22339,Phường Vĩnh Thọ,phuong-vinh-tho,22339
7097,37,414,22342,Phường Xương Huân,phuong-xuong-huan,22342
7098,37,414,22345,Phường Vạn Thắng,phuong-van-thang,22345
7099,37,414,22348,Phường Vạn Thạnh,phuong-van-thanh,22348
7100,37,414,22351,Phường Phương Sài,phuong-phuong-sai,22351
7101,37,414,22354,Phường Phương Sơn,phuong-phuong-son,22354
7102,37,414,22357,Phường Phước Hải,phuong-phuoc-hai,22357
7103,37,414,22360,Phường Phước Tân,phuong-phuoc-tan,22360
7104,37,414,22363,Phường Lộc Thọ,phuong-loc-tho,22363
7105,37,414,22366,Phường Phước Tiến,phuong-phuoc-tien,22366
7106,37,414,22369,Phường Tân Lập,phuong-tan-lap,22369
7107,37,414,22372,Phường Phước Hòa,phuong-phuoc-hoa,22372
7108,37,414,22375,Phường Vĩnh Nguyên,phuong-vinh-nguyen,22375
7109,37,414,22378,Phường Phước Long,phuong-phuoc-long,22378
7110,37,414,22381,Phường Vĩnh Trường,phuong-vinh-truong,22381
7111,37,414,22384,Xã Vĩnh Lương,xa-vinh-luong,22384
7112,37,414,22387,Xã Vĩnh Phương,xa-vinh-phuong,22387
7113,37,414,22390,Xã Vĩnh Ngọc,xa-vinh-ngoc,22390
7114,37,414,22393,Xã Vĩnh Thạnh,xa-vinh-thanh,22393
7115,37,414,22396,Xã Vĩnh Trung,xa-vinh-trung,22396
7116,37,414,22399,Xã Vĩnh Hiệp,xa-vinh-hiep,22399
7117,37,414,22402,Xã Vĩnh Thái,xa-vinh-thai,22402
7118,37,414,22405,Xã Phước Đồng,xa-phuoc-dong,22405
7119,37,415,22408,Phường Cam Nghĩa,phuong-cam-nghia,22408
7120,37,415,22411,Phường Cam Phúc Bắc,phuong-cam-phuc-bac,22411
7121,37,415,22414,Phường Cam Phúc Nam,phuong-cam-phuc-nam,22414
7122,37,415,22417,Phường Cam Lộc,phuong-cam-loc,22417
7123,37,415,22420,Phường Cam Phú,phuong-cam-phu,22420
7124,37,415,22423,Phường Ba Ngòi,phuong-ba-ngoi,22423
7125,37,415,22426,Phường Cam Thuận,phuong-cam-thuan,22426
7126,37,415,22429,Phường Cam Lợi,phuong-cam-loi,22429
7127,37,415,22432,Phường Cam Linh,phuong-cam-linh,22432
7128,37,415,22468,Xã Cam Thành Nam,xa-cam-thanh-nam,22468
7129,37,415,22474,Xã Cam Phước Đông,xa-cam-phuoc-dong,22474
7130,37,415,22477,Xã Cam Thịnh Tây,xa-cam-thinh-tay,22477
7131,37,415,22480,Xã Cam Thịnh Đông,xa-cam-thinh-dong,22480
7132,37,415,22483,Xã Cam Lập,xa-cam-lap,22483
7133,37,415,22486,Xã Cam Bình,xa-cam-binh,22486
7134,37,416,22435,Xã Cam Tân,xa-cam-tan,22435
7135,37,416,22438,Xã Cam Hòa,xa-cam-hoa,22438
7136,37,416,22441,Xã Cam Hải Đông,xa-cam-hai-dong,22441
7137,37,416,22444,Xã Cam Hải Tây,xa-cam-hai-tay,22444
7138,37,416,22447,Xã Sơn Tân,xa-son-tan,22447
7139,37,416,22450,Xã Cam Hiệp Bắc,xa-cam-hiep-bac,22450
7140,37,416,22453,Thị trấn Cam Đức,thi-tran-cam-duc,22453
7141,37,416,22456,Xã Cam Hiệp Nam,xa-cam-hiep-nam,22456
7142,37,416,22459,Xã Cam Phước Tây,xa-cam-phuoc-tay,22459
7143,37,416,22462,Xã Cam Thành Bắc,xa-cam-thanh-bac,22462
7144,37,416,22465,Xã Cam An Bắc,xa-cam-an-bac,22465
7145,37,416,22471,Xã Cam An Nam,xa-cam-an-nam,22471
7146,37,416,22708,Xã Suối Cát,xa-suoi-cat,22708
7147,37,416,22711,Xã Suối Tân,xa-suoi-tan,22711
7148,37,417,22489,Thị trấn Vạn Giã,thi-tran-van-gia,22489
7149,37,417,22492,Xã Đại Lãnh,xa-dai-lanh,22492
7150,37,417,22495,Xã Vạn Phước,xa-van-phuoc,22495
7151,37,417,22498,Xã Vạn Long,xa-van-long,22498
7152,37,417,22501,Xã Vạn Bình,xa-van-binh,22501
7153,37,417,22504,Xã Vạn Thọ,xa-van-tho,22504
7154,37,417,22507,Xã Vạn Khánh,xa-van-khanh,22507
7155,37,417,22510,Xã Vạn Phú,xa-van-phu,22510
7156,37,417,22513,Xã Vạn Lương,xa-van-luong,22513
7157,37,417,22516,Xã Vạn Thắng,xa-van-thang,22516
7158,37,417,22519,Xã Vạn Thạnh,xa-van-thanh,22519
7159,37,417,22522,Xã Xuân Sơn,xa-xuan-son,22522
7160,37,417,22525,Xã Vạn Hưng,xa-van-hung,22525
7161,37,418,22528,Phường Ninh Hiệp,phuong-ninh-hiep,22528
7162,37,418,22531,Xã Ninh Sơn,xa-ninh-son,22531
7163,37,418,22534,Xã Ninh Tây,xa-ninh-tay,22534
7164,37,418,22537,Xã Ninh Thượng,xa-ninh-thuong,22537
7165,37,418,22540,Xã Ninh An,xa-ninh-an,22540
7166,37,418,22543,Phường Ninh Hải,phuong-ninh-hai,22543
7167,37,418,22546,Xã Ninh Thọ,xa-ninh-tho,22546
7168,37,418,22549,Xã Ninh Trung,xa-ninh-trung,22549
7169,37,418,22552,Xã Ninh Sim,xa-ninh-sim,22552
7170,37,418,22555,Xã Ninh Xuân,xa-ninh-xuan,22555
7171,37,418,22558,Xã Ninh Thân,xa-ninh-than,22558
7172,37,418,22561,Phường Ninh Diêm,phuong-ninh-diem,22561
7173,37,418,22564,Xã Ninh Đông,xa-ninh-dong,22564
7174,37,418,22567,Phường Ninh Thủy,phuong-ninh-thuy,22567
7175,37,418,22570,Phường Ninh Đa,phuong-ninh-da,22570
7176,37,418,22573,Xã Ninh Phụng,xa-ninh-phung,22573
7177,37,418,22576,Xã Ninh Bình,xa-ninh-binh,22576
7178,37,418,22579,Xã Ninh Phước,xa-ninh-phuoc,22579
7179,37,418,22582,Xã Ninh Phú,xa-ninh-phu,22582
7180,37,418,22585,Xã Ninh Tân,xa-ninh-tan,22585
7181,37,418,22588,Xã Ninh Quang,xa-ninh-quang,22588
7182,37,418,22591,Phường Ninh Giang,phuong-ninh-giang,22591
7183,37,418,22594,Phường Ninh Hà,phuong-ninh-ha,22594
7184,37,418,22597,Xã Ninh Hưng,xa-ninh-hung,22597
7185,37,418,22600,Xã Ninh Lộc,xa-ninh-loc,22600
7186,37,418,22603,Xã Ninh Ích,xa-ninh-ich,22603
7187,37,418,22606,Xã Ninh Vân,xa-ninh-van,22606
7188,37,419,22609,Thị trấn Khánh Vĩnh,thi-tran-khanh-vinh,22609
7189,37,419,22612,Xã Khánh Hiệp,xa-khanh-hiep,22612
7190,37,419,22615,Xã Khánh Bình,xa-khanh-binh,22615
7191,37,419,22618,Xã Khánh Trung,xa-khanh-trung,22618
7192,37,419,22621,Xã Khánh Đông,xa-khanh-dong,22621
7193,37,419,22624,Xã Khánh Thượng,xa-khanh-thuong,22624
7194,37,419,22627,Xã Khánh Nam,xa-khanh-nam,22627
7195,37,419,22630,Xã Sông Cầu,xa-song-cau,22630
7196,37,419,22633,Xã Giang Ly,xa-giang-ly,22633
7197,37,419,22636,Xã Cầu Bà,xa-cau-ba,22636
7198,37,419,22639,Xã Liên Sang,xa-lien-sang,22639
7199,37,419,22642,Xã Khánh Thành,xa-khanh-thanh,22642
7200,37,419,22645,Xã Khánh Phú,xa-khanh-phu,22645
7201,37,419,22648,Xã Sơn Thái,xa-son-thai,22648
7202,37,420,22651,Thị trấn Diên Khánh,thi-tran-dien-khanh,22651
7203,37,420,22654,Xã Diên Lâm,xa-dien-lam,22654
7204,37,420,22657,Xã Diên Điền,xa-dien-dien,22657
7205,37,420,22660,Xã Diên Xuân,xa-dien-xuan,22660
7206,37,420,22663,Xã Diên Sơn,xa-dien-son,22663
7207,37,420,22666,Xã Diên Đồng,xa-dien-dong,22666
7208,37,420,22669,Xã Diên Phú,xa-dien-phu,22669
7209,37,420,22672,Xã Diên Thọ,xa-dien-tho,22672
7210,37,420,22675,Xã Diên Phước,xa-dien-phuoc,22675
7211,37,420,22678,Xã Diên Lạc,xa-dien-lac,22678
7212,37,420,22681,Xã Diên Tân,xa-dien-tan,22681
7213,37,420,22684,Xã Diên Hòa,xa-dien-hoa,22684
7214,37,420,22687,Xã Diên Thạnh,xa-dien-thanh,22687
7215,37,420,22690,Xã Diên Toàn,xa-dien-toan,22690
7216,37,420,22693,Xã Diên An,xa-dien-an,22693
7217,37,420,22696,Xã Bình Lộc,xa-binh-loc,22696
7218,37,420,22702,Xã Suối Hiệp,xa-suoi-hiep,22702
7219,37,420,22705,Xã Suối Tiên,xa-suoi-tien,22705
7220,37,421,22714,Thị trấn Tô Hạp,thi-tran-to-hap,22714
7221,37,421,22717,Xã Thành Sơn,xa-thanh-son,22717
7222,37,421,22720,Xã Sơn Lâm,xa-son-lam,22720
7223,37,421,22723,Xã Sơn Hiệp,xa-son-hiep,22723
7224,37,421,22726,Xã Sơn Bình,xa-son-binh,22726
7225,37,421,22729,Xã Sơn Trung,xa-son-trung,22729
7226,37,421,22732,Xã Ba Cụm Bắc,xa-ba-cum-bac,22732
7227,37,421,22735,Xã Ba Cụm Nam,xa-ba-cum-nam,22735
7228,37,422,22736,Thị trấn Trường Sa,thi-tran-truong-sa,22736
7229,37,422,22737,Xã Song Tử Tây,xa-song-tu-tay,22737
7230,37,422,22739,Xã Sinh Tồn,xa-sinh-ton,22739
7231,38,423,22738,Phường Đô Vinh,phuong-do-vinh,22738
7232,38,423,22741,Phường Phước Mỹ,phuong-phuoc-my,22741
7233,38,423,22744,Phường Bảo An,phuong-bao-an,22744
7234,38,423,22747,Phường Phủ Hà,phuong-phu-ha,22747
7235,38,423,22750,Phường Thanh Sơn,phuong-thanh-son,22750
7236,38,423,22753,Phường Mỹ Hương,phuong-my-huong,22753
7237,38,423,22756,Phường Tấn Tài,phuong-tan-tai,22756
7238,38,423,22759,Phường Kinh Dinh,phuong-kinh-dinh,22759
7239,38,423,22762,Phường Đạo Long,phuong-dao-long,22762
7240,38,423,22765,Phường Đài Sơn,phuong-dai-son,22765
7241,38,423,22768,Phường Đông Hải,phuong-dong-hai,22768
7242,38,423,22771,Phường Mỹ Đông,phuong-my-dong,22771
7243,38,423,22774,Xã Thành Hải,xa-thanh-hai,22774
7244,38,423,22777,Phường Văn Hải,phuong-van-hai,22777
7245,38,423,22779,Phường Mỹ Bình,phuong-my-binh,22779
7246,38,423,22780,Phường Mỹ Hải,phuong-my-hai,22780
7247,38,424,22783,Xã Phước Bình,xa-phuoc-binh,22783
7248,38,424,22786,Xã Phước Hòa,xa-phuoc-hoa,22786
7249,38,424,22789,Xã Phước Tân,xa-phuoc-tan,22789
7250,38,424,22792,Xã Phước Tiến,xa-phuoc-tien,22792
7251,38,424,22795,Xã Phước Thắng,xa-phuoc-thang,22795
7252,38,424,22798,Xã Phước Thành,xa-phuoc-thanh,22798
7253,38,424,22801,Xã Phước Đại,xa-phuoc-dai,22801
7254,38,424,22804,Xã Phước Chính,xa-phuoc-chinh,22804
7255,38,424,22807,Xã Phước Trung,xa-phuoc-trung,22807
7256,38,425,22810,Thị trấn Tân Sơn,thi-tran-tan-son,22810
7257,38,425,22813,Xã Lâm Sơn,xa-lam-son,22813
7258,38,425,22816,Xã Lương Sơn,xa-luong-son,22816
7259,38,425,22819,Xã Quảng Sơn,xa-quang-son,22819
7260,38,425,22822,Xã Mỹ Sơn,xa-my-son,22822
7261,38,425,22825,Xã Hòa Sơn,xa-hoa-son,22825
7262,38,425,22828,Xã Ma Nới,xa-ma-noi,22828
7263,38,425,22831,Xã Nhơn Sơn,xa-nhon-son,22831
7264,38,426,22834,Thị trấn Khánh Hải,thi-tran-khanh-hai,22834
7265,38,426,22846,Xã Vĩnh Hải,xa-vinh-hai,22846
7266,38,426,22852,Xã Phương Hải,xa-phuong-hai,22852
7267,38,426,22855,Xã Tân Hải,xa-tan-hai,22855
7268,38,426,22858,Xã Xuân Hải,xa-xuan-hai,22858
7269,38,426,22861,Xã Hộ Hải,xa-ho-hai,22861
7270,38,426,22864,Xã Tri Hải,xa-tri-hai,22864
7271,38,426,22867,Xã Nhơn Hải,xa-nhon-hai,22867
7272,38,426,22868,Xã Thanh Hải,xa-thanh-hai,22868
7273,38,427,22870,Thị trấn Phước Dân,thi-tran-phuoc-dan,22870
7274,38,427,22873,Xã Phước Sơn,xa-phuoc-son,22873
7275,38,427,22876,Xã Phước Thái,xa-phuoc-thai,22876
7276,38,427,22879,Xã Phước Hậu,xa-phuoc-hau,22879
7277,38,427,22882,Xã Phước Thuận,xa-phuoc-thuan,22882
7278,38,427,22888,Xã An Hải,xa-an-hai,22888
7279,38,427,22891,Xã Phước Hữu,xa-phuoc-huu,22891
7280,38,427,22894,Xã Phước Hải,xa-phuoc-hai,22894
7281,38,427,22912,Xã Phước Vinh,xa-phuoc-vinh,22912
7282,38,428,22837,Xã Phước Chiến,xa-phuoc-chien,22837
7283,38,428,22840,Xã Công Hải,xa-cong-hai,22840
7284,38,428,22843,Xã Phước Kháng,xa-phuoc-khang,22843
7285,38,428,22849,Xã Lợi Hải,xa-loi-hai,22849
7286,38,428,22853,Xã Bắc Sơn,xa-bac-son,22853
7287,38,428,22856,Xã Bắc Phong,xa-bac-phong,22856
7288,38,429,22885,Xã Phước Hà,xa-phuoc-ha,22885
7289,38,429,22897,Xã Phước Nam,xa-phuoc-nam,22897
7290,38,429,22898,Xã Phước Ninh,xa-phuoc-ninh,22898
7291,38,429,22900,Xã Nhị Hà,xa-nhi-ha,22900
7292,38,429,22903,Xã Phước Dinh,xa-phuoc-dinh,22903
7293,38,429,22906,Xã Phước Minh,xa-phuoc-minh,22906
7294,38,429,22909,Xã Phước Diêm,xa-phuoc-diem,22909
7295,38,429,22910,Xã Cà Ná,xa-ca-na,22910
7296,39,430,22915,Phường Mũi Né,phuong-mui-ne,22915
7297,39,430,22918,Phường Hàm Tiến,phuong-ham-tien,22918
7298,39,430,22921,Phường Phú Hài,phuong-phu-hai,22921
7299,39,430,22924,Phường Phú Thủy,phuong-phu-thuy,22924
7300,39,430,22927,Phường Phú Tài,phuong-phu-tai,22927
7301,39,430,22930,Phường Phú Trinh,phuong-phu-trinh,22930
7302,39,430,22933,Phường Xuân An,phuong-xuan-an,22933
7303,39,430,22936,Phường Thanh Hải,phuong-thanh-hai,22936
7304,39,430,22939,Phường Bình Hưng,phuong-binh-hung,22939
7305,39,430,22942,Phường Đức Nghĩa,phuong-duc-nghia,22942
7306,39,430,22945,Phường Lạc Đạo,phuong-lac-dao,22945
7307,39,430,22948,Phường Đức Thắng,phuong-duc-thang,22948
7308,39,430,22951,Phường Hưng Long,phuong-hung-long,22951
7309,39,430,22954,Phường Đức Long,phuong-duc-long,22954
7310,39,430,22957,Xã Thiện Nghiệp,xa-thien-nghiep,22957
7311,39,430,22960,Xã Phong Nẫm,xa-phong-nam,22960
7312,39,430,22963,Xã Tiến Lợi,xa-tien-loi,22963
7313,39,430,22966,Xã Tiến Thành,xa-tien-thanh,22966
7314,39,431,23231,Phường Phước Hội,phuong-phuoc-hoi,23231
7315,39,431,23232,Phường Phước Lộc,phuong-phuoc-loc,23232
7316,39,431,23234,Phường Tân Thiện,phuong-tan-thien,23234
7317,39,431,23235,Phường Tân An,phuong-tan-an,23235
7318,39,431,23237,Phường Bình Tân,phuong-binh-tan,23237
7319,39,431,23245,Xã Tân Hải,xa-tan-hai,23245
7320,39,431,23246,Xã Tân Tiến,xa-tan-tien,23246
7321,39,431,23248,Xã Tân Bình,xa-tan-binh,23248
7322,39,431,23268,Xã Tân Phước,xa-tan-phuoc,23268
7323,39,432,22969,Thị trấn Liên Hương,thi-tran-lien-huong,22969
7324,39,432,22972,Thị trấn Phan Rí Cửa,thi-tran-phan-ri-cua,22972
7325,39,432,22975,Xã Phan Dũng,xa-phan-dung,22975
7326,39,432,22978,Xã Phong Phú,xa-phong-phu,22978
7327,39,432,22981,Xã Vĩnh Hảo,xa-vinh-hao,22981
7328,39,432,22984,Xã Vĩnh Tân,xa-vinh-tan,22984
7329,39,432,22987,Xã Phú Lạc,xa-phu-lac,22987
7330,39,432,22990,Xã Phước Thể,xa-phuoc-the,22990
7331,39,432,22993,Xã Hòa Minh,xa-hoa-minh,22993
7332,39,432,22996,Xã Chí Công,xa-chi-cong,22996
7333,39,432,22999,Xã Bình Thạnh,xa-binh-thanh,22999
7334,39,433,23005,Thị trấn Chợ Lầu,thi-tran-cho-lau,23005
7335,39,433,23008,Xã Phan Sơn,xa-phan-son,23008
7336,39,433,23011,Xã Phan Lâm,xa-phan-lam,23011
7337,39,433,23014,Xã Bình An,xa-binh-an,23014
7338,39,433,23017,Xã Phan Điền,xa-phan-dien,23017
7339,39,433,23020,Xã Hải Ninh,xa-hai-ninh,23020
7340,39,433,23023,Xã Sông Lũy,xa-song-luy,23023
7341,39,433,23026,Xã Phan Tiến,xa-phan-tien,23026
7342,39,433,23029,Xã Sông Bình,xa-song-binh,23029
7343,39,433,23032,Thị trấn Lương Sơn,thi-tran-luong-son,23032
7344,39,433,23035,Xã Phan Hòa,xa-phan-hoa,23035
7345,39,433,23038,Xã Phan Thanh,xa-phan-thanh,23038
7346,39,433,23041,Xã Hồng Thái,xa-hong-thai,23041
7347,39,433,23044,Xã Phan Hiệp,xa-phan-hiep,23044
7348,39,433,23047,Xã Bình Tân,xa-binh-tan,23047
7349,39,433,23050,Xã Phan Rí Thành,xa-phan-ri-thanh,23050
7350,39,433,23053,Xã Hòa Thắng,xa-hoa-thang,23053
7351,39,433,23056,Xã Hồng Phong,xa-hong-phong,23056
7352,39,434,23059,Thị trấn Ma Lâm,thi-tran-ma-lam,23059
7353,39,434,23062,Thị trấn Phú Long,thi-tran-phu-long,23062
7354,39,434,23065,Xã La Dạ,xa-la-da,23065
7355,39,434,23068,Xã Đông Tiến,xa-dong-tien,23068
7356,39,434,23071,Xã Thuận Hòa,xa-thuan-hoa,23071
7357,39,434,23074,Xã Đông Giang,xa-dong-giang,23074
7358,39,434,23077,Xã Hàm Phú,xa-ham-phu,23077
7359,39,434,23080,Xã Hồng Liêm,xa-hong-liem,23080
7360,39,434,23083,Xã Thuận Minh,xa-thuan-minh,23083
7361,39,434,23086,Xã Hồng Sơn,xa-hong-son,23086
7362,39,434,23089,Xã Hàm Trí,xa-ham-tri,23089
7363,39,434,23092,Xã Hàm Đức,xa-ham-duc,23092
7364,39,434,23095,Xã Hàm Liêm,xa-ham-liem,23095
7365,39,434,23098,Xã Hàm Chính,xa-ham-chinh,23098
7366,39,434,23101,Xã Hàm Hiệp,xa-ham-hiep,23101
7367,39,434,23104,Xã Hàm Thắng,xa-ham-thang,23104
7368,39,434,23107,Xã Đa Mi,xa-da-mi,23107
7369,39,435,23110,Thị trấn Thuận Nam,thi-tran-thuan-nam,23110
7370,39,435,23113,Xã Mỹ Thạnh,xa-my-thanh,23113
7371,39,435,23116,Xã Hàm Cần,xa-ham-can,23116
7372,39,435,23119,Xã Mương Mán,xa-muong-man,23119
7373,39,435,23122,Xã Hàm Thạnh,xa-ham-thanh,23122
7374,39,435,23125,Xã Hàm Kiệm,xa-ham-kiem,23125
7375,39,435,23128,Xã Hàm Cường,xa-ham-cuong,23128
7376,39,435,23131,Xã Hàm Mỹ,xa-ham-my,23131
7377,39,435,23134,Xã Tân Lập,xa-tan-lap,23134
7378,39,435,23137,Xã Hàm Minh,xa-ham-minh,23137
7379,39,435,23140,Xã Thuận Quí,xa-thuan-qui,23140
7380,39,435,23143,Xã Tân Thuận,xa-tan-thuan,23143
7381,39,435,23146,Xã Tân Thành,xa-tan-thanh,23146
7382,39,436,23149,Thị trấn Lạc Tánh,thi-tran-lac-tanh,23149
7383,39,436,23152,Xã Bắc Ruộng,xa-bac-ruong,23152
7384,39,436,23158,Xã Nghị Đức,xa-nghi-duc,23158
7385,39,436,23161,Xã La Ngâu,xa-la-ngau,23161
7386,39,436,23164,Xã Huy Khiêm,xa-huy-khiem,23164
7387,39,436,23167,Xã Măng Tố,xa-mang-to,23167
7388,39,436,23170,Xã Đức Phú,xa-duc-phu,23170
7389,39,436,23173,Xã Đồng Kho,xa-dong-kho,23173
7390,39,436,23176,Xã Gia An,xa-gia-an,23176
7391,39,436,23179,Xã Đức Bình,xa-duc-binh,23179
7392,39,436,23182,Xã Gia Huynh,xa-gia-huynh,23182
7393,39,436,23185,Xã Đức Thuận,xa-duc-thuan,23185
7394,39,436,23188,Xã Suối Kiết,xa-suoi-kiet,23188
7395,39,437,23191,Thị trấn Võ Xu,thi-tran-vo-xu,23191
7396,39,437,23194,Thị trấn Đức Tài,thi-tran-duc-tai,23194
7397,39,437,23197,Xã Đa Kai,xa-da-kai,23197
7398,39,437,23200,Xã Sùng Nhơn,xa-sung-nhon,23200
7399,39,437,23203,Xã Mê Pu,xa-me-pu,23203
7400,39,437,23206,Xã Nam Chính,xa-nam-chinh,23206
7401,39,437,23212,Xã Đức Hạnh,xa-duc-hanh,23212
7402,39,437,23215,Xã Đức Tín,xa-duc-tin,23215
7403,39,437,23218,Xã Vũ Hoà,xa-vu-hoa,23218
7404,39,437,23221,Xã Tân Hà,xa-tan-ha,23221
7405,39,437,23224,Xã Đông Hà,xa-dong-ha,23224
7406,39,437,23227,Xã Trà Tân,xa-tra-tan,23227
7407,39,438,23230,Thị trấn Tân Minh,thi-tran-tan-minh,23230
7408,39,438,23236,Thị trấn Tân Nghĩa,thi-tran-tan-nghia,23236
7409,39,438,23239,Xã Sông Phan,xa-song-phan,23239
7410,39,438,23242,Xã Tân Phúc,xa-tan-phuc,23242
7411,39,438,23251,Xã Tân Đức,xa-tan-duc,23251
7412,39,438,23254,Xã Tân Thắng,xa-tan-thang,23254
7413,39,438,23255,Xã Thắng Hải,xa-thang-hai,23255
7414,39,438,23257,Xã Tân Hà,xa-tan-ha,23257
7415,39,438,23260,Xã Tân Xuân,xa-tan-xuan,23260
7416,39,438,23266,Xã Sơn Mỹ,xa-son-my,23266
7417,39,439,23272,Xã Ngũ Phụng,xa-ngu-phung,23272
7418,39,439,23275,Xã Long Hải,xa-long-hai,23275
7419,39,439,23278,Xã Tam Thanh,xa-tam-thanh,23278
7420,40,440,23281,Phường Quang Trung,phuong-quang-trung,23281
7421,40,440,23284,Phường Duy Tân,phuong-duy-tan,23284
7422,40,440,23287,Phường Quyết Thắng,phuong-quyet-thang,23287
7423,40,440,23290,Phường Trường Chinh,phuong-truong-chinh,23290
7424,40,440,23293,Phường Thắng Lợi,phuong-thang-loi,23293
7425,40,440,23296,Phường Ngô Mây,phuong-ngo-may,23296
7426,40,440,23299,Phường Thống Nhất,phuong-thong-nhat,23299
7427,40,440,23302,Phường Lê Lợi,phuong-le-loi,23302
7428,40,440,23305,Phường Nguyễn Trãi,phuong-nguyen-trai,23305
7429,40,440,23308,Phường Trần Hưng Đạo,phuong-tran-hung-dao,23308
7430,40,440,23311,Xã Đắk Cấm,xa-dak-cam,23311
7431,40,440,23314,Xã Kroong,xa-kroong,23314
7432,40,440,23317,Xã Ngọk Bay,xa-ngok-bay,23317
7433,40,440,23320,Xã Vinh Quang,xa-vinh-quang,23320
7434,40,440,23323,Xã Đắk Blà,xa-dak-bla,23323
7435,40,440,23326,Xã Ia Chim,xa-ia-chim,23326
7436,40,440,23327,Xã Đăk Năng,xa-dak-nang,23327
7437,40,440,23329,Xã Đoàn Kết,xa-doan-ket,23329
7438,40,440,23332,Xã Chư Hreng,xa-chu-hreng,23332
7439,40,440,23335,Xã Đắk Rơ Wa,xa-dak-ro-Wa,23335
7440,40,440,23338,Xã Hòa Bình,xa-hoa-binh,23338
7441,40,441,23341,Thị trấn Đắk Glei,thi-tran-dak-glei,23341
7442,40,441,23344,Xã Đắk Blô,xa-dak-blo,23344
7443,40,441,23347,Xã Đắk Man,xa-dak-man,23347
7444,40,441,23350,Xã Đắk Nhoong,xa-dak-nhoong,23350
7445,40,441,23353,Xã Đắk Pék,xa-dak-pek,23353
7446,40,441,23356,Xã Đắk Choong,xa-dak-choong,23356
7447,40,441,23359,Xã Xốp,xa-xop,23359
7448,40,441,23362,Xã Mường Hoong,xa-muong-hoong,23362
7449,40,441,23365,Xã Ngọc Linh,xa-ngoc-linh,23365
7450,40,441,23368,Xã Đắk Long,xa-dak-long,23368
7451,40,441,23371,Xã Đắk KRoong,xa-dak-kroong,23371
7452,40,441,23374,Xã Đắk Môn,xa-dak-mon,23374
7453,40,442,23377,Thị trấn Plei Kần,thi-tran-plei-kan,23377
7454,40,442,23380,Xã Đắk Ang,xa-dak-ang,23380
7455,40,442,23383,Xã Đắk Dục,xa-dak-duc,23383
7456,40,442,23386,Xã Đắk Nông,xa-dak-nong,23386
7457,40,442,23389,Xã Đắk Xú,xa-dak-xu,23389
7458,40,442,23392,Xã Đắk Kan,xa-dak-kan,23392
7459,40,442,23395,Xã Bờ Y,xa-bo-y,23395
7460,40,442,23398,Xã Sa Loong,xa-sa-loong,23398
7461,40,443,23401,Thị trấn Đắk Tô,thi-tran-dak-to,23401
7462,40,443,23427,Xã Đắk Rơ Nga,xa-dak-ro-nga,23427
7463,40,443,23428,Xã Ngọk Tụ,xa-ngok-tu,23428
7464,40,443,23430,Xã Đắk Trăm,xa-dak-tram,23430
7465,40,443,23431,Xã Văn Lem,xa-van-lem,23431
7466,40,443,23434,Xã Kon Đào,xa-kon-dao,23434
7467,40,443,23437,Xã Tân Cảnh,xa-tan-canh,23437
7468,40,443,23440,Xã Diên Bình,xa-dien-binh,23440
7469,40,443,23443,Xã Pô Kô,xa-po-ko,23443
7470,40,444,23452,Xã Đắk Nên,xa-dak-nen,23452
7471,40,444,23455,Xã Đắk Ring,xa-dak-ring,23455
7472,40,444,23458,Xã Măng Buk,xa-mang-buk,23458
7473,40,444,23461,Xã Đắk Tăng,xa-dak-tang,23461
7474,40,444,23464,Xã Ngok Tem,xa-ngok-tem,23464
7475,40,444,23467,Xã Pờ Ê,xa-po-e,23467
7476,40,444,23470,Xã Măng Cành,xa-mang-canh,23470
7477,40,444,23473,Thị trấn Măng Đen,thi-tran-mang-den,23473
7478,40,444,23476,Xã Hiếu,xa-hieu,23476
7479,40,445,23479,Thị trấn Đắk Rve,thi-tran-dak-rve,23479
7480,40,445,23482,Xã Đắk Kôi,xa-dak-koi,23482
7481,40,445,23485,Xã Đắk Tơ Lung,xa-dak-to-lung,23485
7482,40,445,23488,Xã Đắk Ruồng,xa-dak-ruong,23488
7483,40,445,23491,Xã Đắk Pne,xa-dak-pne,23491
7484,40,445,23494,Xã Đắk Tờ Re,xa-dak-to-re,23494
7485,40,445,23497,Xã Tân Lập,xa-tan-lap,23497
7486,40,446,23500,Thị trấn Đắk Hà,thi-tran-dak-ha,23500
7487,40,446,23503,Xã Đắk PXi,xa-dak-pxi,23503
7488,40,446,23504,Xã Đăk Long,xa-dak-long,23504
7489,40,446,23506,Xã Đắk HRing,xa-dak-hring,23506
7490,40,446,23509,Xã Đắk Ui,xa-dak-ui,23509
7491,40,446,23510,Xã Đăk Ngọk,xa-dak-ngok,23510
7492,40,446,23512,Xã Đắk Mar,xa-dak-mar,23512
7493,40,446,23515,Xã Ngok Wang,xa-ngok-Wang,23515
7494,40,446,23518,Xã Ngok Réo,xa-ngok-reo,23518
7495,40,446,23521,Xã Hà Mòn,xa-ha-mon,23521
7496,40,446,23524,Xã Đắk La,xa-dak-la,23524
7497,40,447,23527,Thị trấn Sa Thầy,thi-tran-sa-thay,23527
7498,40,447,23530,Xã Rơ Kơi,xa-ro-koi,23530
7499,40,447,23533,Xã Sa Nhơn,xa-sa-nhon,23533
7500,40,447,23534,Xã Hơ Moong,xa-ho-moong,23534
7501,40,447,23536,Xã Mô Rai,xa-mo-rai,23536
7502,40,447,23539,Xã Sa Sơn,xa-sa-son,23539
7503,40,447,23542,Xã Sa Nghĩa,xa-sa-nghia,23542
7504,40,447,23545,Xã Sa Bình,xa-sa-binh,23545
7505,40,447,23548,Xã Ya Xiêr,xa-ya-xier,23548
7506,40,447,23551,Xã Ya Tăng,xa-ya-tang,23551
7507,40,447,23554,Xã Ya ly,xa-ya-ly,23554
7508,40,448,23404,Xã Ngọc Lây,xa-ngoc-lay,23404
7509,40,448,23407,Xã Đắk Na,xa-dak-na,23407
7510,40,448,23410,Xã Măng Ri,xa-mang-ri,23410
7511,40,448,23413,Xã Ngọc Yêu,xa-ngoc-yeu,23413
7512,40,448,23416,Xã Đắk Sao,xa-dak-sao,23416
7513,40,448,23417,Xã Đắk Rơ Ông,xa-dak-ro-ong,23417
7514,40,448,23419,Xã Đắk Tờ Kan,xa-dak-to-kan,23419
7515,40,448,23422,Xã Tu Mơ Rông,xa-tu-mo-rong,23422
7516,40,448,23425,Xã Đắk Hà,xa-dak-ha,23425
7517,40,448,23446,Xã Tê Xăng,xa-te-xang,23446
7518,40,448,23449,Xã Văn Xuôi,xa-van-xuoi,23449
7519,40,449,23535,Xã Ia Đal,xa-ia-dal,23535
7520,40,449,23537,Xã Ia Dom,xa-ia-dom,23537
7521,40,449,23538,Xã Ia Tơi,xa-ia-toi,23538
7522,41,450,23557,Phường Yên Đỗ,phuong-yen-do,23557
7523,41,450,23560,Phường Diên Hồng,phuong-dien-hong,23560
7524,41,450,23563,Phường Ia Kring,phuong-ia-kring,23563
7525,41,450,23566,Phường Hội Thương,phuong-hoi-thuong,23566
7526,41,450,23569,Phường Hội Phú,phuong-hoi-phu,23569
7527,41,450,23570,Phường Phù Đổng,phuong-phu-dong,23570
7528,41,450,23572,Phường Hoa Lư,phuong-hoa-lu,23572
7529,41,450,23575,Phường Tây Sơn,phuong-tay-son,23575
7530,41,450,23578,Phường Thống Nhất,phuong-thong-nhat,23578
7531,41,450,23579,Phường Đống Đa,phuong-dong-da,23579
7532,41,450,23581,Phường Trà Bá,phuong-tra-ba,23581
7533,41,450,23582,Phường Thắng Lợi,phuong-thang-loi,23582
7534,41,450,23584,Phường Yên Thế,phuong-yen-the,23584
7535,41,450,23586,Phường Chi Lăng,phuong-chi-lang,23586
7536,41,450,23590,Xã Biển Hồ,xa-bien-ho,23590
7537,41,450,23593,Xã Tân Sơn,xa-tan-son,23593
7538,41,450,23596,Xã Trà Đa,xa-tra-da,23596
7539,41,450,23599,Xã Chư Á,xa-chu-a,23599
7540,41,450,23602,Xã An Phú,xa-an-phu,23602
7541,41,450,23605,Xã Diên Phú,xa-dien-phu,23605
7542,41,450,23608,Xã Ia Kênh,xa-ia-kenh,23608
7543,41,450,23611,Xã Gào,xa-gao,23611
7544,41,451,23614,Phường An Bình,phuong-an-binh,23614
7545,41,451,23617,Phường Tây Sơn,phuong-tay-son,23617
7546,41,451,23620,Phường An Phú,phuong-an-phu,23620
7547,41,451,23623,Phường An Tân,phuong-an-tan,23623
7548,41,451,23626,Xã Tú An,xa-tu-an,23626
7549,41,451,23627,Xã Xuân An,xa-xuan-an,23627
7550,41,451,23629,Xã Cửu An,xa-cuu-an,23629
7551,41,451,23630,Phường An Phước,phuong-an-phuoc,23630
7552,41,451,23632,Xã Song An,xa-song-an,23632
7553,41,451,23633,Phường Ngô Mây,phuong-ngo-may,23633
7554,41,451,23635,Xã Thành An,xa-thanh-an,23635
7555,41,452,24041,Phường Cheo Reo,phuong-cheo-reo,24041
7556,41,452,24042,Phường Hòa Bình,phuong-hoa-binh,24042
7557,41,452,24044,Phường Đoàn Kết,phuong-doan-ket,24044
7558,41,452,24045,Phường Sông Bờ,phuong-song-bo,24045
7559,41,452,24064,Xã Ia RBol,xa-ia-rbol,24064
7560,41,452,24065,Xã Chư Băh,xa-chu-bah,24065
7561,41,452,24070,Xã Ia RTô,xa-ia-rto,24070
7562,41,452,24073,Xã Ia Sao,xa-ia-sao,24073
7563,41,453,23638,Thị trấn KBang,thi-tran-kbang,23638
7564,41,453,23641,Xã Kon Pne,xa-kon-pne,23641
7565,41,453,23644,Xã Đăk Roong,xa-dak-roong,23644
7566,41,453,23647,Xã Sơn Lang,xa-son-lang,23647
7567,41,453,23650,Xã KRong,xa-krong,23650
7568,41,453,23653,Xã Sơ Pai,xa-so-pai,23653
7569,41,453,23656,Xã Lơ Ku,xa-lo-ku,23656
7570,41,453,23659,Xã Đông,xa-dong,23659
7571,41,453,23660,Xã Đak SMar,xa-dak-smar,23660
7572,41,453,23662,Xã Nghĩa An,xa-nghia-an,23662
7573,41,453,23665,Xã Tơ Tung,xa-to-tung,23665
7574,41,453,23668,Xã Kông Lơng Khơng,xa-kong-long-khong,23668
7575,41,453,23671,Xã Kông Pla,xa-kong-pla,23671
7576,41,453,23674,Xã Đăk HLơ,xa-dak-hlo,23674
7577,41,454,23677,Thị trấn Đăk Đoa,thi-tran-dak-doa,23677
7578,41,454,23680,Xã Hà Đông,xa-ha-dong,23680
7579,41,454,23683,Xã Đăk Sơmei,xa-dak-somei,23683
7580,41,454,23684,Xã Đăk Krong,xa-dak-krong,23684
7581,41,454,23686,Xã Hải Yang,xa-hai-yang,23686
7582,41,454,23689,Xã Kon Gang,xa-kon-gang,23689
7583,41,454,23692,Xã Hà Bầu,xa-ha-bau,23692
7584,41,454,23695,Xã Nam Yang,xa-nam-yang,23695
7585,41,454,23698,Xã K\' Dang,xa-k--dang,23698
7586,41,454,23701,Xã H\' Neng,xa-h--neng,23701
7587,41,454,23704,Xã Tân Bình,xa-tan-binh,23704
7588,41,454,23707,Xã Glar,xa-glar,23707
7589,41,454,23710,Xã A Dơk,xa-a-dok,23710
7590,41,454,23713,Xã Trang,xa-trang,23713
7591,41,454,23714,Xã HNol,xa-hnol,23714
7592,41,454,23716,Xã Ia Pết,xa-ia-pet,23716
7593,41,454,23719,Xã Ia Băng,xa-ia-bang,23719
7594,41,455,23722,Thị trấn Phú Hòa,thi-tran-phu-hoa,23722
7595,41,455,23725,Xã Hà Tây,xa-ha-tay,23725
7596,41,455,23728,Xã Ia Khươl,xa-ia-khuol,23728
7597,41,455,23731,Xã Ia Phí,xa-ia-phi,23731
7598,41,455,23734,Thị trấn Ia Ly,thi-tran-ia-ly,23734
7599,41,455,23737,Xã Ia Mơ Nông,xa-ia-mo-nong,23737
7600,41,455,23738,Xã Ia Kreng,xa-ia-kreng,23738
7601,41,455,23740,Xã Đăk Tơ Ver,xa-dak-to-ver,23740
7602,41,455,23743,Xã Hòa Phú,xa-hoa-phu,23743
7603,41,455,23746,Xã Chư Đăng Ya,xa-chu-dang-ya,23746
7604,41,455,23749,Xã Ia Ka,xa-ia-ka,23749
7605,41,455,23752,Xã Ia Nhin,xa-ia-nhin,23752
7606,41,455,23755,Xã Nghĩa Hòa,xa-nghia-hoa,23755
7607,41,455,23761,Xã Nghĩa Hưng,xa-nghia-hung,23761
7608,41,456,23764,Thị trấn Ia Kha,thi-tran-ia-kha,23764
7609,41,456,23767,Xã Ia Sao,xa-ia-sao,23767
7610,41,456,23768,Xã Ia Yok,xa-ia-yok,23768
7611,41,456,23770,Xã Ia Hrung,xa-ia-hrung,23770
7612,41,456,23771,Xã Ia Bă,xa-ia-ba,23771
7613,41,456,23773,Xã Ia Khai,xa-ia-khai,23773
7614,41,456,23776,Xã Ia KRai,xa-ia-krai,23776
7615,41,456,23778,Xã Ia Grăng,xa-ia-grang,23778
7616,41,456,23779,Xã Ia Tô,xa-ia-to,23779
7617,41,456,23782,Xã Ia O,xa-ia-o,23782
7618,41,456,23785,Xã Ia Dêr,xa-ia-der,23785
7619,41,456,23788,Xã Ia Chia,xa-ia-chia,23788
7620,41,456,23791,Xã Ia Pếch,xa-ia-pech,23791
7621,41,457,23794,Thị trấn Kon Dơng,thi-tran-kon-dong,23794
7622,41,457,23797,Xã Ayun,xa-ayun,23797
7623,41,457,23798,Xã Đak Jơ Ta,xa-dak-jo-ta,23798
7624,41,457,23799,Xã Đak Ta Ley,xa-dak-ta-ley,23799
7625,41,457,23800,Xã Hra,xa-hra,23800
7626,41,457,23803,Xã Đăk Yă,xa-dak-ya,23803
7627,41,457,23806,Xã Đăk Djrăng,xa-dak-djrang,23806
7628,41,457,23809,Xã Lơ Pang,xa-lo-pang,23809
7629,41,457,23812,Xã Kon Thụp,xa-kon-thup,23812
7630,41,457,23815,Xã Đê Ar,xa-de-ar,23815
7631,41,457,23818,Xã Kon Chiêng,xa-kon-chieng,23818
7632,41,457,23821,Xã Đăk Trôi,xa-dak-troi,23821
7633,41,458,23824,Thị trấn Kông Chro,thi-tran-kong-chro,23824
7634,41,458,23827,Xã Chư Krêy,xa-chu-krey,23827
7635,41,458,23830,Xã An Trung,xa-an-trung,23830
7636,41,458,23833,Xã Kông Yang,xa-kong-yang,23833
7637,41,458,23836,Xã Đăk Tơ Pang,xa-dak-to-pang,23836
7638,41,458,23839,Xã SRó,xa-sro,23839
7639,41,458,23840,Xã Đắk Kơ Ning,xa-dak-ko-ning,23840
7640,41,458,23842,Xã Đăk Song,xa-dak-song,23842
7641,41,458,23843,Xã Đăk Pling,xa-dak-pling,23843
7642,41,458,23845,Xã Yang Trung,xa-yang-trung,23845
7643,41,458,23846,Xã Đăk Pơ Pho,xa-dak-po-pho,23846
7644,41,458,23848,Xã Ya Ma,xa-ya-ma,23848
7645,41,458,23851,Xã Chơ Long,xa-cho-long,23851
7646,41,458,23854,Xã Yang Nam,xa-yang-nam,23854
7647,41,459,23857,Thị trấn Chư Ty,thi-tran-chu-ty,23857
7648,41,459,23860,Xã Ia Dơk,xa-ia-dok,23860
7649,41,459,23863,Xã Ia Krêl,xa-ia-krel,23863
7650,41,459,23866,Xã Ia Din,xa-ia-din,23866
7651,41,459,23869,Xã Ia Kla,xa-ia-kla,23869
7652,41,459,23872,Xã Ia Dom,xa-ia-dom,23872
7653,41,459,23875,Xã Ia Lang,xa-ia-lang,23875
7654,41,459,23878,Xã Ia Kriêng,xa-ia-krieng,23878
7655,41,459,23881,Xã Ia Pnôn,xa-ia-pnon,23881
7656,41,459,23884,Xã Ia Nan,xa-ia-nan,23884
7657,41,460,23887,Thị trấn Chư Prông,thi-tran-chu-prong,23887
7658,41,460,23888,Xã Ia Kly,xa-ia-kly,23888
7659,41,460,23890,Xã Bình Giáo,xa-binh-giao,23890
7660,41,460,23893,Xã Ia Drăng,xa-ia-drang,23893
7661,41,460,23896,Xã Thăng Hưng,xa-thang-hung,23896
7662,41,460,23899,Xã Bàu Cạn,xa-bau-can,23899
7663,41,460,23902,Xã Ia Phìn,xa-ia-phin,23902
7664,41,460,23905,Xã Ia Băng,xa-ia-bang,23905
7665,41,460,23908,Xã Ia Tôr,xa-ia-tor,23908
7666,41,460,23911,Xã Ia Boòng,xa-ia-boong,23911
7667,41,460,23914,Xã Ia O,xa-ia-o,23914
7668,41,460,23917,Xã Ia Púch,xa-ia-puch,23917
7669,41,460,23920,Xã Ia Me,xa-ia-me,23920
7670,41,460,23923,Xã Ia Vê,xa-ia-ve,23923
7671,41,460,23924,Xã Ia Bang,xa-ia-bang,23924
7672,41,460,23926,Xã Ia Pia,xa-ia-pia,23926
7673,41,460,23929,Xã Ia Ga,xa-ia-ga,23929
7674,41,460,23932,Xã Ia Lâu,xa-ia-lau,23932
7675,41,460,23935,Xã Ia Piơr,xa-ia-pior,23935
7676,41,460,23938,Xã Ia Mơ,xa-ia-mo,23938
7677,41,461,23941,Thị trấn Chư Sê,thi-tran-chu-se,23941
7678,41,461,23944,Xã Ia Tiêm,xa-ia-tiem,23944
7679,41,461,23945,Xã Chư Pơng,xa-chu-pong,23945
7680,41,461,23946,Xã Bar Măih,xa-bar-maih,23946
7681,41,461,23947,Xã Bờ Ngoong,xa-bo-ngoong,23947
7682,41,461,23950,Xã Ia Glai,xa-ia-glai,23950
7683,41,461,23953,Xã AL Bá,xa-al-ba,23953
7684,41,461,23954,Xã Kông HTok,xa-kong-htok,23954
7685,41,461,23956,Xã AYun,xa-ayun,23956
7686,41,461,23959,Xã Ia HLốp,xa-ia-hlop,23959
7687,41,461,23962,Xã Ia Blang,xa-ia-blang,23962
7688,41,461,23965,Xã Dun,xa-dun,23965
7689,41,461,23966,Xã Ia Pal,xa-ia-pal,23966
7690,41,461,23968,Xã H Bông,xa-h-bong,23968
7691,41,461,23977,Xã Ia Ko,xa-ia-ko,23977
7692,41,462,23989,Xã Hà Tam,xa-ha-tam,23989
7693,41,462,23992,Xã An Thành,xa-an-thanh,23992
7694,41,462,23995,Thị trấn Đak Pơ,thi-tran-dak-po,23995
7695,41,462,23998,Xã Yang Bắc,xa-yang-bac,23998
7696,41,462,24001,Xã Cư An,xa-cu-an,24001
7697,41,462,24004,Xã Tân An,xa-tan-an,24004
7698,41,462,24007,Xã Phú An,xa-phu-an,24007
7699,41,462,24010,Xã Ya Hội,xa-ya-hoi,24010
7700,41,463,24013,Xã Pờ Tó,xa-po-to,24013
7701,41,463,24016,Xã Chư Răng,xa-chu-rang,24016
7702,41,463,24019,Xã Ia KDăm,xa-ia-kdam,24019
7703,41,463,24022,Xã Kim Tân,xa-kim-tan,24022
7704,41,463,24025,Xã Chư Mố,xa-chu-mo,24025
7705,41,463,24028,Xã Ia Tul,xa-ia-tul,24028
7706,41,463,24031,Xã Ia Ma Rơn,xa-ia-ma-ron,24031
7707,41,463,24034,Xã Ia Broăi,xa-ia-broai,24034
7708,41,463,24037,Xã Ia Trok,xa-ia-trok,24037
7709,41,464,24076,Thị trấn Phú Túc,thi-tran-phu-tuc,24076
7710,41,464,24079,Xã Ia RSai,xa-ia-rsai,24079
7711,41,464,24082,Xã Ia RSươm,xa-ia-rsuom,24082
7712,41,464,24085,Xã Chư Gu,xa-chu-gu,24085
7713,41,464,24088,Xã Đất Bằng,xa-dat-bang,24088
7714,41,464,24091,Xã Ia Mláh,xa-ia-mlah,24091
7715,41,464,24094,Xã Chư Drăng,xa-chu-drang,24094
7716,41,464,24097,Xã Phú Cần,xa-phu-can,24097
7717,41,464,24100,Xã Ia HDreh,xa-ia-hdreh,24100
7718,41,464,24103,Xã Ia RMok,xa-ia-rmok,24103
7719,41,464,24106,Xã Chư Ngọc,xa-chu-ngoc,24106
7720,41,464,24109,Xã Uar,xa-uar,24109
7721,41,464,24112,Xã Chư Rcăm,xa-chu-rcam,24112
7722,41,464,24115,Xã Krông Năng,xa-krong-nang,24115
7723,41,465,24043,Thị trấn Phú Thiện,thi-tran-phu-thien,24043
7724,41,465,24046,Xã Chư A Thai,xa-chu-a-thai,24046
7725,41,465,24048,Xã Ayun Hạ,xa-ayun-ha,24048
7726,41,465,24049,Xã Ia Ake,xa-ia-ake,24049
7727,41,465,24052,Xã Ia Sol,xa-ia-sol,24052
7728,41,465,24055,Xã Ia Piar,xa-ia-piar,24055
7729,41,465,24058,Xã Ia Peng,xa-ia-peng,24058
7730,41,465,24060,Xã Chrôh Pơnan,xa-chroh-ponan,24060
7731,41,465,24061,Xã Ia Hiao,xa-ia-hiao,24061
7732,41,465,24067,Xã Ia Yeng,xa-ia-yeng,24067
7733,41,466,23942,Thị trấn Nhơn Hoà,thi-tran-nhon-hoa,23942
7734,41,466,23971,Xã Ia Hrú,xa-ia-hru,23971
7735,41,466,23972,Xã Ia Rong,xa-ia-rong,23972
7736,41,466,23974,Xã Ia Dreng,xa-ia-dreng,23974
7737,41,466,23978,Xã Ia Hla,xa-ia-hla,23978
7738,41,466,23980,Xã Chư Don,xa-chu-don,23980
7739,41,466,23983,Xã Ia Phang,xa-ia-phang,23983
7740,41,466,23986,Xã Ia Le,xa-ia-le,23986
7741,41,466,23987,Xã Ia BLứ,xa-ia-blu,23987
7742,42,467,24118,Phường Tân Lập,phuong-tan-lap,24118
7743,42,467,24121,Phường Tân Hòa,phuong-tan-hoa,24121
7744,42,467,24124,Phường Tân An,phuong-tan-an,24124
7745,42,467,24127,Phường Thống Nhất,phuong-thong-nhat,24127
7746,42,467,24130,Phường Thành Nhất,phuong-thanh-nhat,24130
7747,42,467,24133,Phường Thắng Lợi,phuong-thang-loi,24133
7748,42,467,24136,Phường Tân Lợi,phuong-tan-loi,24136
7749,42,467,24139,Phường Thành Công,phuong-thanh-cong,24139
7750,42,467,24142,Phường Tân Thành,phuong-tan-thanh,24142
7751,42,467,24145,Phường Tân Tiến,phuong-tan-tien,24145
7752,42,467,24148,Phường Tự An,phuong-tu-an,24148
7753,42,467,24151,Phường Ea Tam,phuong-ea-tam,24151
7754,42,467,24154,Phường Khánh Xuân,phuong-khanh-xuan,24154
7755,42,467,24157,Xã Hòa Thuận,xa-hoa-thuan,24157
7756,42,467,24160,Xã Cư ÊBur,xa-cu-ebur,24160
7757,42,467,24163,Xã Ea Tu,xa-ea-tu,24163
7758,42,467,24166,Xã Hòa Thắng,xa-hoa-thang,24166
7759,42,467,24169,Xã Ea Kao,xa-ea-kao,24169
7760,42,467,24172,Xã Hòa Phú,xa-hoa-phu,24172
7761,42,467,24175,Xã Hòa Khánh,xa-hoa-khanh,24175
7762,42,467,24178,Xã Hòa Xuân,xa-hoa-xuan,24178
7763,42,468,24305,Phường An Lạc,phuong-an-lac,24305
7764,42,468,24308,Phường An Bình,phuong-an-binh,24308
7765,42,468,24311,Phường Thiện An,phuong-thien-an,24311
7766,42,468,24318,Phường Đạt Hiếu,phuong-dat-hieu,24318
7767,42,468,24322,Phường Đoàn Kết,phuong-doan-ket,24322
7768,42,468,24325,Xã Ea Blang,xa-ea-blang,24325
7769,42,468,24328,Xã Ea Drông,xa-ea-drong,24328
7770,42,468,24331,Phường Thống Nhất,phuong-thong-nhat,24331
7771,42,468,24332,Phường Bình Tân,phuong-binh-tan,24332
7772,42,468,24334,Xã Ea Siên,xa-ea-sien,24334
7773,42,468,24337,Xã Bình Thuận,xa-binh-thuan,24337
7774,42,468,24340,Xã Cư Bao,xa-cu-bao,24340
7775,42,469,24181,Thị trấn Ea Drăng,thi-tran-ea-drang,24181
7776,42,469,24184,Xã Ea H\'leo,xa-ea-h-leo,24184
7777,42,469,24187,Xã Ea Sol,xa-ea-sol,24187
7778,42,469,24190,Xã Ea Ral,xa-ea-ral,24190
7779,42,469,24193,Xã Ea Wy,xa-ea-Wy,24193
7780,42,469,24194,Xã Cư A Mung,xa-cu-a-mung,24194
7781,42,469,24196,Xã Cư Mốt,xa-cu-mot,24196
7782,42,469,24199,Xã Ea Hiao,xa-ea-hiao,24199
7783,42,469,24202,Xã Ea Khal,xa-ea-khal,24202
7784,42,469,24205,Xã Dliê Yang,xa-dlie-yang,24205
7785,42,469,24207,Xã Ea Tir,xa-ea-tir,24207
7786,42,469,24208,Xã Ea Nam,xa-ea-nam,24208
7787,42,470,24211,Thị trấn Ea Súp,thi-tran-ea-sup,24211
7788,42,470,24214,Xã Ia Lốp,xa-ia-lop,24214
7789,42,470,24215,Xã Ia JLơi,xa-ia-jloi,24215
7790,42,470,24217,Xã Ea Rốk,xa-ea-rok,24217
7791,42,470,24220,Xã Ya Tờ Mốt,xa-ya-to-mot,24220
7792,42,470,24221,Xã Ia RVê,xa-ia-rve,24221
7793,42,470,24223,Xã Ea Lê,xa-ea-le,24223
7794,42,470,24226,Xã Cư KBang,xa-cu-kbang,24226
7795,42,470,24229,Xã Ea Bung,xa-ea-bung,24229
7796,42,470,24232,Xã Cư M\'Lan,xa-cu-m-lan,24232
7797,42,471,24235,Xã Krông Na,xa-krong-na,24235
7798,42,471,24238,Xã Ea Huar,xa-ea-huar,24238
7799,42,471,24241,Xã Ea Wer,xa-ea-Wer,24241
7800,42,471,24244,Xã Tân Hoà,xa-tan-hoa,24244
7801,42,471,24247,Xã Cuôr KNia,xa-cuor-knia,24247
7802,42,471,24250,Xã Ea Bar,xa-ea-bar,24250
7803,42,471,24253,Xã Ea Nuôl,xa-ea-nuol,24253
7804,42,472,24256,Thị trấn Ea Pốk,thi-tran-ea-pok,24256
7805,42,472,24259,Thị trấn Quảng Phú,thi-tran-quang-phu,24259
7806,42,472,24262,Xã Quảng Tiến,xa-quang-tien,24262
7807,42,472,24264,Xã Ea Kuêh,xa-ea-kueh,24264
7808,42,472,24265,Xã Ea Kiết,xa-ea-kiet,24265
7809,42,472,24268,Xã Ea Tar,xa-ea-tar,24268
7810,42,472,24271,Xã Cư Dliê M\'nông,xa-cu-dlie-m-nong,24271
7811,42,472,24274,Xã Ea H\'đinh,xa-ea-h-dinh,24274
7812,42,472,24277,Xã Ea Tul,xa-ea-tul,24277
7813,42,472,24280,Xã Ea KPam,xa-ea-kpam,24280
7814,42,472,24283,Xã Ea M\'DRóh,xa-ea-m-droh,24283
7815,42,472,24286,Xã Quảng Hiệp,xa-quang-hiep,24286
7816,42,472,24289,Xã Cư M\'gar,xa-cu-m-gar,24289
7817,42,472,24292,Xã Ea D\'Rơng,xa-ea-d-rong,24292
7818,42,472,24295,Xã Ea M\'nang,xa-ea-m-nang,24295
7819,42,472,24298,Xã Cư Suê,xa-cu-sue,24298
7820,42,472,24301,Xã Cuor Đăng,xa-cuor-dang,24301
7821,42,473,24307,Xã Cư Né,xa-cu-ne,24307
7822,42,473,24310,Xã Chư KBô,xa-chu-kbo,24310
7823,42,473,24313,Xã Cư Pơng,xa-cu-pong,24313
7824,42,473,24314,Xã Ea Sin,xa-ea-sin,24314
7825,42,473,24316,Xã Pơng Drang,xa-pong-drang,24316
7826,42,473,24317,Xã Tân Lập,xa-tan-lap,24317
7827,42,473,24319,Xã Ea Ngai,xa-ea-ngai,24319
7828,42,474,24343,Thị trấn Krông Năng,thi-tran-krong-nang,24343
7829,42,474,24346,Xã ĐLiê Ya,xa-dlie-ya,24346
7830,42,474,24349,Xã Ea Tóh,xa-ea-toh,24349
7831,42,474,24352,Xã Ea Tam,xa-ea-tam,24352
7832,42,474,24355,Xã Phú Lộc,xa-phu-loc,24355
7833,42,474,24358,Xã Tam Giang,xa-tam-giang,24358
7834,42,474,24359,Xã Ea Puk,xa-ea-puk,24359
7835,42,474,24360,Xã Ea Dăh,xa-ea-dah,24360
7836,42,474,24361,Xã Ea Hồ,xa-ea-ho,24361
7837,42,474,24364,Xã Phú Xuân,xa-phu-xuan,24364
7838,42,474,24367,Xã Cư Klông,xa-cu-klong,24367
7839,42,474,24370,Xã Ea Tân,xa-ea-tan,24370
7840,42,475,24373,Thị trấn Ea Kar,thi-tran-ea-kar,24373
7841,42,475,24376,Thị trấn Ea Knốp,thi-tran-ea-knop,24376
7842,42,475,24379,Xã Ea Sô,xa-ea-so,24379
7843,42,475,24380,Xã Ea Sar,xa-ea-sar,24380
7844,42,475,24382,Xã Xuân Phú,xa-xuan-phu,24382
7845,42,475,24385,Xã Cư Huê,xa-cu-hue,24385
7846,42,475,24388,Xã Ea Tih,xa-ea-tih,24388
7847,42,475,24391,Xã Ea Đar,xa-ea-dar,24391
7848,42,475,24394,Xã Ea Kmút,xa-ea-kmut,24394
7849,42,475,24397,Xã Cư Ni,xa-cu-ni,24397
7850,42,475,24400,Xã Ea Păl,xa-ea-pal,24400
7851,42,475,24401,Xã Cư Prông,xa-cu-prong,24401
7852,42,475,24403,Xã Ea Ô,xa-ea-o,24403
7853,42,475,24404,Xã Cư ELang,xa-cu-elang,24404
7854,42,475,24406,Xã Cư Bông,xa-cu-bong,24406
7855,42,475,24409,Xã Cư Jang,xa-cu-jang,24409
7856,42,476,24412,Thị trấn M\'Đrắk,thi-tran-m-drak,24412
7857,42,476,24415,Xã Cư Prao,xa-cu-prao,24415
7858,42,476,24418,Xã Ea Pil,xa-ea-pil,24418
7859,42,476,24421,Xã Ea Lai,xa-ea-lai,24421
7860,42,476,24424,Xã Ea H\'MLay,xa-ea-h-mlay,24424
7861,42,476,24427,Xã Krông Jing,xa-krong-jing,24427
7862,42,476,24430,Xã Ea M\' Doal,xa-ea-m--doal,24430
7863,42,476,24433,Xã Ea Riêng,xa-ea-rieng,24433
7864,42,476,24436,Xã Cư M\'ta,xa-cu-m-ta,24436
7865,42,476,24439,Xã Cư K Róa,xa-cu-k-roa,24439
7866,42,476,24442,Xã Krông Á,xa-krong-a,24442
7867,42,476,24444,Xã Cư San,xa-cu-san,24444
7868,42,476,24445,Xã Ea Trang,xa-ea-trang,24445
7869,42,477,24448,Thị trấn Krông Kmar,thi-tran-krong-kmar,24448
7870,42,477,24451,Xã Dang Kang,xa-dang-kang,24451
7871,42,477,24454,Xã Cư KTy,xa-cu-kty,24454
7872,42,477,24457,Xã Hòa Thành,xa-hoa-thanh,24457
7873,42,477,24460,Xã Hòa Tân,xa-hoa-tan,24460
7874,42,477,24463,Xã Hòa Phong,xa-hoa-phong,24463
7875,42,477,24466,Xã Hòa Lễ,xa-hoa-le,24466
7876,42,477,24469,Xã Yang Reh,xa-yang-reh,24469
7877,42,477,24472,Xã Ea Trul,xa-ea-trul,24472
7878,42,477,24475,Xã Khuê Ngọc Điền,xa-khue-ngoc-dien,24475
7879,42,477,24478,Xã Cư Pui,xa-cu-pui,24478
7880,42,477,24481,Xã Hòa Sơn,xa-hoa-son,24481
7881,42,477,24484,Xã Cư Drăm,xa-cu-dram,24484
7882,42,477,24487,Xã Yang Mao,xa-yang-mao,24487
7883,42,478,24490,Thị trấn Phước An,thi-tran-phuoc-an,24490
7884,42,478,24493,Xã KRông Búk,xa-krong-buk,24493
7885,42,478,24496,Xã Ea Kly,xa-ea-kly,24496
7886,42,478,24499,Xã Ea Kênh,xa-ea-kenh,24499
7887,42,478,24502,Xã Ea Phê,xa-ea-phe,24502
7888,42,478,24505,Xã Ea KNuec,xa-ea-knuec,24505
7889,42,478,24508,Xã Ea Yông,xa-ea-yong,24508
7890,42,478,24511,Xã Hòa An,xa-hoa-an,24511
7891,42,478,24514,Xã Ea Kuăng,xa-ea-kuang,24514
7892,42,478,24517,Xã Hòa Đông,xa-hoa-dong,24517
7893,42,478,24520,Xã Ea Hiu,xa-ea-hiu,24520
7894,42,478,24523,Xã Hòa Tiến,xa-hoa-tien,24523
7895,42,478,24526,Xã Tân Tiến,xa-tan-tien,24526
7896,42,478,24529,Xã Vụ Bổn,xa-vu-bon,24529
7897,42,478,24532,Xã Ea Uy,xa-ea-uy,24532
7898,42,478,24535,Xã Ea Yiêng,xa-ea-yieng,24535
7899,42,479,24538,Thị trấn Buôn Trấp,thi-tran-buon-trap,24538
7900,42,479,24556,Xã Dray Sáp,xa-dray-sap,24556
7901,42,479,24559,Xã Ea Na,xa-ea-na,24559
7902,42,479,24565,Xã Ea Bông,xa-ea-bong,24565
7903,42,479,24568,Xã Băng A Drênh,xa-bang-a-drenh,24568
7904,42,479,24571,Xã Dur KMăl,xa-dur-kmal,24571
7905,42,479,24574,Xã Bình Hòa,xa-binh-hoa,24574
7906,42,479,24577,Xã Quảng Điền,xa-quang-dien,24577
7907,42,480,24580,Thị trấn Liên Sơn,thi-tran-lien-son,24580
7908,42,480,24583,Xã Yang Tao,xa-yang-tao,24583
7909,42,480,24586,Xã Bông Krang,xa-bong-krang,24586
7910,42,480,24589,Xã Đắk Liêng,xa-dak-lieng,24589
7911,42,480,24592,Xã Buôn Triết,xa-buon-triet,24592
7912,42,480,24595,Xã Buôn Tría,xa-buon-tria,24595
7913,42,480,24598,Xã Đắk Phơi,xa-dak-phoi,24598
7914,42,480,24601,Xã Đắk Nuê,xa-dak-nue,24601
7915,42,480,24604,Xã Krông Nô,xa-krong-no,24604
7916,42,480,24607,Xã Nam Ka,xa-nam-ka,24607
7917,42,480,24610,Xã Ea R\'Bin,xa-ea-r-bin,24610
7918,42,481,24540,Xã Ea Ning,xa-ea-ning,24540
7919,42,481,24541,Xã Cư Ê Wi,xa-cu-e-Wi,24541
7920,42,481,24544,Xã Ea Ktur,xa-ea-ktur,24544
7921,42,481,24547,Xã Ea Tiêu,xa-ea-tieu,24547
7922,42,481,24550,Xã Ea BHốk,xa-ea-bhok,24550
7923,42,481,24553,Xã Ea Hu,xa-ea-hu,24553
7924,42,481,24561,Xã Dray Bhăng,xa-dray-bhang,24561
7925,42,481,24562,Xã Hòa Hiệp,xa-hoa-hiep,24562
7926,43,482,24611,Phường Nghĩa Đức,phuong-nghia-duc,24611
7927,43,482,24612,Phường Nghĩa Thành,phuong-nghia-thanh,24612
7928,43,482,24614,Phường Nghĩa Phú,phuong-nghia-phu,24614
7929,43,482,24615,Phường Nghĩa Tân,phuong-nghia-tan,24615
7930,43,482,24617,Phường Nghĩa Trung,phuong-nghia-trung,24617
7931,43,482,24618,Xã Đăk R\'Moan,xa-dak-r-moan,24618
7932,43,482,24619,Phường Quảng Thành,phuong-quang-thanh,24619
7933,43,482,24628,Xã Đắk Nia,xa-dak-nia,24628
7934,43,483,24616,Xã Quảng Sơn,xa-quang-son,24616
7935,43,483,24620,Xã Quảng Hoà,xa-quang-hoa,24620
7936,43,483,24622,Xã Đắk Ha,xa-dak-ha,24622
7937,43,483,24625,Xã Đắk R\'Măng,xa-dak-r-mang,24625
7938,43,483,24631,Xã Quảng Khê,xa-quang-khe,24631
7939,43,483,24634,Xã Đắk Plao,xa-dak-plao,24634
7940,43,483,24637,Xã Đắk Som,xa-dak-som,24637
7941,43,484,24640,Thị trấn Ea T\'Ling,thi-tran-ea-t-ling,24640
7942,43,484,24643,Xã Đắk Wil,xa-dak-Wil,24643
7943,43,484,24646,Xã Ea Pô,xa-ea-po,24646
7944,43,484,24649,Xã Nam Dong,xa-nam-dong,24649
7945,43,484,24652,Xã Đắk DRông,xa-dak-drong,24652
7946,43,484,24655,Xã Tâm Thắng,xa-tam-thang,24655
7947,43,484,24658,Xã Cư Knia,xa-cu-knia,24658
7948,43,484,24661,Xã Trúc Sơn,xa-truc-son,24661
7949,43,485,24664,Thị trấn Đắk Mil,thi-tran-dak-mil,24664
7950,43,485,24667,Xã  Đắk Lao,xa-dak-lao,24667
7951,43,485,24670,Xã Đắk R\'La,xa-dak-r-la,24670
7952,43,485,24673,Xã Đắk Gằn,xa-dak-gan,24673
7953,43,485,24676,Xã Đức Mạnh,xa-duc-manh,24676
7954,43,485,24677,Xã Đắk N\'Drót,xa-dak-n-drot,24677
7955,43,485,24678,Xã Long Sơn,xa-long-son,24678
7956,43,485,24679,Xã Đắk Sắk,xa-dak-sak,24679
7957,43,485,24682,Xã Thuận An,xa-thuan-an,24682
7958,43,485,24685,Xã Đức Minh,xa-duc-minh,24685
7959,43,486,24688,Thị trấn Đắk Mâm,thi-tran-dak-mam,24688
7960,43,486,24691,Xã Đắk Sôr,xa-dak-sor,24691
7961,43,486,24692,Xã Nam Xuân,xa-nam-xuan,24692
7962,43,486,24694,Xã Buôn Choah,xa-buon-choah,24694
7963,43,486,24697,Xã Nam Đà,xa-nam-da,24697
7964,43,486,24699,Xã Tân Thành,xa-tan-thanh,24699
7965,43,486,24700,Xã Đắk Drô,xa-dak-dro,24700
7966,43,486,24703,Xã Nâm Nung,xa-nam-nung,24703
7967,43,486,24706,Xã Đức Xuyên,xa-duc-xuyen,24706
7968,43,486,24709,Xã Đắk Nang,xa-dak-nang,24709
7969,43,486,24712,Xã Quảng Phú,xa-quang-phu,24712
7970,43,486,24715,Xã Nâm N\'Đir,xa-nam-n-dir,24715
7971,43,487,24717,Thị trấn Đức An,thi-tran-duc-an,24717
7972,43,487,24718,Xã Đắk Môl,xa-dak-mol,24718
7973,43,487,24719,Xã Đắk Hòa,xa-dak-hoa,24719
7974,43,487,24721,Xã Nam Bình,xa-nam-binh,24721
7975,43,487,24722,Xã Thuận Hà,xa-thuan-ha,24722
7976,43,487,24724,Xã Thuận Hạnh,xa-thuan-hanh,24724
7977,43,487,24727,Xã Đắk N\'Dung,xa-dak-n-dung,24727
7978,43,487,24728,Xã Nâm N\'Jang,xa-nam-n-jang,24728
7979,43,487,24730,Xã Trường Xuân,xa-truong-xuan,24730
7980,43,488,24733,Thị trấn Kiến Đức,thi-tran-kien-duc,24733
7981,43,488,24745,Xã Quảng Tín,xa-quang-tin,24745
7982,43,488,24750,Xã Đắk Wer,xa-dak-Wer,24750
7983,43,488,24751,Xã Nhân Cơ,xa-nhan-co,24751
7984,43,488,24754,Xã Kiến Thành,xa-kien-thanh,24754
7985,43,488,24756,Xã Nghĩa Thắng,xa-nghia-thang,24756
7986,43,488,24757,Xã Đạo Nghĩa,xa-dao-nghia,24757
7987,43,488,24760,Xã Đắk Sin,xa-dak-sin,24760
7988,43,488,24761,Xã Hưng Bình,xa-hung-binh,24761
7989,43,488,24763,Xã Đắk Ru,xa-dak-ru,24763
7990,43,488,24766,Xã Nhân Đạo,xa-nhan-dao,24766
7991,43,489,24736,Xã Quảng Trực,xa-quang-truc,24736
7992,43,489,24739,Xã Đắk Búk So,xa-dak-buk-so,24739
7993,43,489,24740,Xã Quảng Tâm,xa-quang-tam,24740
7994,43,489,24742,Xã Đắk R\'Tíh,xa-dak-r-tih,24742
7995,43,489,24746,Xã Đắk Ngo,xa-dak-ngo,24746
7996,43,489,24748,Xã Quảng Tân,xa-quang-tan,24748
7997,44,490,24769,Phường 7,phuong-7,24769
7998,44,490,24772,Phường 8,phuong-8,24772
7999,44,490,24775,Phường 12,phuong-12,24775
8000,44,490,24778,Phường 9,phuong-9,24778